"Time","GateState","kot","Velocity","Acceleration"
0.171687,0,0.000,,
0.179784,1,,,
0.239884,0,0.524,9.247,46.03
0.245318,1,,,
0.290205,0,1.047,11.494,43.26
0.294517,1,,,
0.332408,0,1.571,13.363,45.34
0.336184,1,,,
0.369284,0,2.094,15.026,44.85
0.372684,1,,,
0.402484,0,2.618,16.468,42.03
0.405432,1,,,
0.433084,0,3.142,17.765,42.71
0.435884,1,,,
0.461582,0,3.665,19.043,46.97
0.464225,1,,,
0.488204,0,4.189,20.274,45.51
0.490684,1,,,
0.513322,0,4.712,21.360,41.01
0.515716,1,,,
0.537284,0,5.236,22.475,52.05
0.539520,1,,,
0.559984,0,5.760,23.552,42.80
0.562121,1,,,
0.581784,0,6.283,24.525,46.48
0.583821,1,,,
0.602718,0,6.807,25.475,44.31
0.604724,1,,,
0.622916,0,7.330,26.266,34.00
0.624819,1,,,
0.642600,0,7.854,26.778,17.98
0.644484,1,,,
0.662027,0,8.378,26.983,3.15
0.663915,1,,,
0.681410,0,8.901,26.930,-8.63
0.683284,1,,,
0.700914,0,9.425,26.853,0.71
0.702784,1,,,
0.720408,0,9.948,26.856,-0.37
0.722320,1,,,
0.739907,0,10.472,26.868,1.58
0.741784,1,,,
0.759384,0,10.996,26.867,-1.64
0.761284,1,,,
0.778884,0,11.519,26.851,0.00
0.780785,1,,,
0.798384,0,12.043,26.853,0.14
0.800284,1,,,
0.817882,0,12.566,26.851,-0.28
0.819784,1,,,
0.837384,0,13.090,26.850,0.14
0.839284,1,,,
0.856884,0,13.614,26.755,-9.86
0.858727,1,,,
0.876525,0,14.137,26.646,-1.21
0.878418,1,,,
0.896184,0,14.661,26.674,4.07
0.898084,1,,,
0.915784,0,15.184,26.632,-8.43
0.917684,1,,,
0.935506,0,15.708,26.547,-0.16
0.937384,1,,,
0.955231,0,16.232,26.526,-1.91
0.957184,1,,,
0.974984,0,16.755,26.580,7.29
0.976884,1,,,
0.994630,0,17.279,26.574,-7.83
0.996584,1,,,
1.014391,0,17.802,26.520,2.31
1.016321,1,,,
1.034118,0,18.326,26.516,-2.67
1.036084,1,,,
1.053884,0,18.850,26.467,-2.33
1.055786,1,,,
1.073684,0,19.373,26.488,4.42
1.075589,1,,,
1.093419,0,19.897,26.380,-15.34
1.095318,1,,,
1.113384,0,20.420,26.269,4.26
1.115284,1,,,
1.133284,0,20.944,26.354,4.30
1.135190,1,,,
1.153119,0,21.468,26.285,-11.26
1.155015,1,,,
1.173125,0,21.991,26.185,1.20
1.175017,1,,,
1.193112,0,22.515,26.196,-0.03
1.195084,1,,,
1.213100,0,23.038,26.198,0.18
1.215020,1,,,
1.233084,0,23.562,26.190,-0.97
1.235006,1,,,
1.253084,0,24.086,26.180,0.00
1.255030,1,,,
1.273084,0,24.609,26.218,3.76
1.274984,1,,,
1.293026,0,25.133,26.180,-7.54
1.294984,1,,,
1.313084,0,25.656,26.142,3.70
1.315009,1,,,
1.333084,0,26.180,26.089,-9.02
1.334984,1,,,
1.353224,0,26.704,25.985,-1.28
1.355184,1,,,
1.373384,0,27.227,26.011,3.85
1.375329,1,,,
1.393484,0,27.751,25.963,-8.58
1.395400,1,,,
1.413719,0,28.274,25.857,-1.92
1.415684,1,,,
1.433984,0,28.798,25.879,4.10
1.435984,1,,,
1.454184,0,29.322,25.918,-0.23
1.456122,1,,,
1.474387,0,29.845,25.857,-5.88
1.476384,1,,,
1.494684,0,30.369,25.859,6.13
1.496620,1,,,
1.514884,0,30.892,25.919,-0.23
1.516802,1,,,
1.535087,0,31.416,25.857,-5.93
1.537084,1,,,
1.555384,0,31.940,25.849,5.12
1.557326,1,,,
1.575600,0,32.463,25.769,-13.01
1.577584,1,,,
1.596024,0,32.987,25.658,2.19
1.597992,1,,,
1.616413,0,33.510,25.689,0.82
1.618404,1,,,
1.636789,0,34.034,25.622,-7.44
1.638728,1,,,
1.657286,0,34.558,25.544,-0.12
1.659227,1,,,
1.677784,0,35.081,25.542,-0.05
1.679784,1,,,
1.698284,0,35.605,25.591,4.74
1.700220,1,,,
1.718706,0,36.128,25.584,-5.35
1.720711,1,,,
1.739216,0,36.652,25.555,2.51
1.741223,1,,,
1.759684,0,37.176,25.561,-1.90
1.761684,1,,,
1.780184,0,37.699,25.526,-1.55
1.782184,1,,,
1.800709,0,38.223,25.517,0.68
1.802717,1,,,
1.821223,0,38.746,25.420,-10.09
1.823194,1,,,
1.841905,0,39.270,25.319,0.24
1.843898,1,,,
1.862584,0,39.794,25.368,4.53
1.864584,1,,,
1.883186,0,40.317,25.296,-11.52
1.885184,1,,,
1.903984,0,40.841,25.227,4.87
1.905914,1,,,
1.924698,0,41.364,25.234,-4.17
1.926784,1,,,
1.945484,0,41.888,25.243,5.02
1.947484,1,,,
1.966184,0,42.412,25.234,-5.88
1.968189,1,,,
1.986984,0,42.935,25.233,5.81
1.988984,1,,,
2.007685,0,43.459,25.236,-5.56
2.009702,1,,,
2.028481,0,43.982,25.210,3.13
2.030484,1,,,
2.049224,0,44.506,25.226,-1.62
2.051284,1,,,
2.069994,0,45.029,25.078,-12.68
2.071988,1,,,
2.090984,0,45.553,24.999,5.17
2.092984,1,,,
2.111884,0,46.077,25.053,-0.05
2.113901,1,,,
2.132784,0,46.600,24.993,-5.67
2.134784,1,,,
2.153784,0,47.124,24.926,-0.68
2.155784,1,,,
2.174796,0,47.647,24.915,-0.38
2.176884,1,,,
2.195815,0,48.171,24.933,2.13
2.197884,1,,,
2.216796,0,48.695,24.893,-5.99
2.218884,1,,,
2.237884,0,49.218,24.882,4.92
2.239908,1,,,
2.258884,0,49.742,24.933,0.00
2.260884,1,,,
2.279884,0,50.265,24.874,-5.66
2.281915,1,,,
2.300984,0,50.789,24.874,5.68
2.302998,1,,,
2.321984,0,51.313,24.801,-12.62
2.323995,1,,,
2.343210,0,51.836,24.688,1.95
2.345284,1,,,
2.364401,0,52.360,24.714,0.46
2.366484,1,,,
2.385584,0,52.883,24.650,-6.45
2.387597,1,,,
2.406884,0,53.407,24.582,0.04
2.408905,1,,,
2.428184,0,53.931,24.582,-0.02
2.430284,1,,,
2.449484,0,54.454,24.614,2.98
2.451517,1,,,
2.470729,0,54.978,24.582,-5.94
2.472811,1,,,
2.492084,0,55.501,24.590,6.68
2.494184,1,,,
2.513315,0,56.025,24.583,-7.41
2.515384,1,,,
2.534684,0,56.549,24.543,3.69
2.536715,1,,,
2.555984,0,57.072,24.569,-1.25
2.558084,1,,,
2.577307,0,57.596,24.453,-9.60
2.579384,1,,,
2.598810,0,58.119,24.367,1.56
2.600885,1,,,
2.620284,0,58.643,24.368,-1.41
2.622384,1,,,
2.641784,0,59.167,24.330,-2.16
2.643784,1,,,
2.663326,0,59.690,24.283,-2.17
2.665384,1,,,
2.684909,0,60.214,24.263,0.29
2.687023,1,,,
2.706486,0,60.737,24.287,2.01
2.708584,1,,,
2.728026,0,61.261,24.243,-6.17
2.730184,1,,,
2.749684,0,61.785,24.249,6.74
2.751784,1,,,
2.771212,0,62.308,24.279,-3.95
2.773306,1,,,
2.792816,0,62.832,24.201,-3.29
2.794920,1,,,
2.814484,0,63.355,24.203,3.48
2.816584,1,,,
2.836084,0,63.879,24.130,-10.21
2.838184,1,,,
2.857884,0,64.403,24.018,-0.06
2.859984,1,,,
2.879684,0,64.926,24.057,3.68
2.881784,1,,,
2.901413,0,65.450,24.012,-7.90
2.903484,1,,,
2.923298,0,65.973,23.919,-0.54
2.925384,1,,,
2.945193,0,66.497,23.916,0.24
2.947384,1,,,
2.967084,0,67.021,23.914,-0.44
2.969184,1,,,
2.988984,0,67.544,23.909,-0.04
2.991100,1,,,
3.010884,0,68.068,23.908,0.02
3.013012,1,,,
3.032784,0,68.591,23.909,0.02
3.034884,1,,,
3.054684,0,69.115,23.901,-0.78
3.056790,1,,,
3.076599,0,69.639,23.885,-0.68
3.078784,1,,,
3.098528,0,70.162,23.755,-11.13
3.100684,1,,,
3.120684,0,70.686,23.662,2.73
3.122784,1,,,
3.142784,0,71.209,23.734,3.74
3.144894,1,,,
3.164807,0,71.733,23.681,-8.54
3.166907,1,,,
3.187007,0,72.257,23.593,0.61
3.189114,1,,,
3.209194,0,72.780,23.598,-0.15
3.211384,1,,,
3.231384,0,73.304,23.591,-0.50
3.233514,1,,,
3.253584,0,73.827,23.574,-0.99
3.255723,1,,,
3.275805,0,74.351,23.533,-2.72
3.277984,1,,,
3.298084,0,74.875,23.538,3.16
3.300196,1,,,
3.320296,0,75.398,23.522,-4.61
3.322484,1,,,
3.342605,0,75.922,23.481,0.98
3.344784,1,,,
3.364893,0,76.445,23.387,-9.44
3.367084,1,,,
3.387384,0,76.969,23.309,2.55
3.389584,1,,,
3.409820,0,77.493,23.323,-1.31
3.412016,1,,,
3.432284,0,78.016,23.267,-3.64
3.434393,1,,,
3.454827,0,78.540,23.211,-1.33
3.456984,1,,,
3.477399,0,79.063,23.190,-0.55
3.479611,1,,,
3.499984,0,79.587,23.228,3.86
3.502125,1,,,
3.522484,0,80.111,23.215,-4.95
3.524689,1,,,
3.545092,0,80.634,23.168,0.76
3.547306,1,,,
3.567684,0,81.158,23.173,-0.33
3.569828,1,,,
3.590282,0,81.681,23.168,-0.11
3.592482,1,,,
3.612884,0,82.205,23.165,-0.20
3.615084,1,,,
3.635489,0,82.729,23.057,-9.32
3.637684,1,,,
3.658303,0,83.252,22.966,1.34
3.660499,1,,,
3.681087,0,83.776,22.975,-0.58
3.683312,1,,,
3.703884,0,84.299,22.916,-4.57
3.706024,1,,,
3.726784,0,84.823,22.865,0.07
3.728984,1,,,
3.749684,0,85.347,22.865,-0.03
3.751920,1,,,
3.772584,0,85.870,22.865,0.00
3.774786,1,,,
3.795484,0,86.394,22.847,-1.53
3.797722,1,,,
3.818419,0,86.917,22.845,1.37
3.820684,1,,,
3.841322,0,87.441,22.832,-2.54
3.843584,1,,,
3.864284,0,87.965,22.784,-1.62
3.866505,1,,,
3.887284,0,88.488,22.800,3.01
3.889484,1,,,
3.910214,0,89.012,22.717,-10.28
3.912422,1,,,
3.933384,0,89.535,22.617,1.69
3.935610,1,,,
3.956515,0,90.059,22.618,-1.62
3.958784,1,,,
3.979684,0,90.583,22.575,-2.08
3.981884,1,,,
4.002902,0,91.106,22.520,-2.63
4.005111,1,,,
4.026184,0,91.630,22.516,2.28
4.028429,1,,,
4.049410,0,92.153,22.552,0.79
4.051684,1,,,
4.072618,0,92.677,22.521,-3.43
4.074894,1,,,
4.095909,0,93.201,22.489,0.65
4.098190,1,,,
4.119184,0,93.724,22.482,-1.26
4.121422,1,,,
4.142489,0,94.248,22.472,0.43
4.144699,1,,,
4.165784,0,94.771,22.475,-0.22
4.168084,1,,,
4.189084,0,95.295,22.377,-8.17
4.191309,1,,,
4.212584,0,95.819,22.281,0.00
4.214884,1,,,
4.236084,0,96.342,22.311,2.54
4.238384,1,,,
4.259521,0,96.866,22.234,-9.06
4.261784,1,,,
4.283184,0,97.389,22.157,2.52
4.285384,1,,,
4.306784,0,97.913,22.187,-0.02
4.309084,1,,,
4.330384,0,98.437,22.222,3.03
4.332616,1,,,
4.353908,0,98.960,22.187,-6.04
4.356221,1,,,
4.377584,0,99.484,22.151,3.03
4.379884,1,,,
4.401184,0,100.007,22.179,-0.65
4.403484,1,,,
4.424800,0,100.531,22.093,-6.64
4.427098,1,,,
4.448584,0,101.055,22.101,7.29
4.450792,1,,,
4.472184,0,101.578,22.076,-9.35
4.474424,1,,,
4.496022,0,102.102,21.954,-0.91
4.498320,1,,,
4.519884,0,102.625,21.968,2.07
4.522194,1,,,
4.543692,0,103.149,21.908,-7.07
4.545984,1,,,
4.567684,0,103.673,21.820,-0.29
4.569984,1,,,
4.591684,0,104.196,21.853,3.06
4.593987,1,,,
4.615604,0,104.720,21.862,-2.30
4.617905,1,,,
4.639584,0,105.243,21.826,-0.77
4.641906,1,,,
4.663584,0,105.767,21.841,2.02
4.665912,1,,,
4.687531,0,106.291,21.817,-4.00
4.689884,1,,,
4.711584,0,106.814,21.785,1.36
4.713893,1,,,
4.735601,0,107.338,21.773,-2.38
4.737984,1,,,
4.759681,0,107.861,21.686,-4.81
4.761984,1,,,
4.783890,0,108.385,21.622,-0.49
4.786222,1,,,
4.808112,0,108.909,21.624,0.62
4.810484,1,,,
4.832318,0,109.432,21.560,-5.86
4.834624,1,,,
4.856684,0,109.956,21.499,0.81
4.858988,1,,,
4.881028,0,110.479,21.500,-0.68
4.883419,1,,,
4.905390,0,111.003,21.509,1.39
4.907729,1,,,
4.929714,0,111.527,21.488,-3.16
4.932099,1,,,
4.954125,0,112.050,21.472,1.89
4.956512,1,,,
4.978484,0,112.574,21.477,-1.47
4.980814,1,,,
5.002884,0,113.097,21.446,-1.08
5.005284,1,,,
5.027313,0,113.621,21.415,-1.45
5.029684,1,,,
5.051783,0,114.145,21.341,-4.62
5.054084,1,,,
5.076384,0,114.668,21.277,-0.60
5.078784,1,,,
5.101001,0,115.192,21.272,0.20
5.103408,1,,,
5.125613,0,115.715,21.204,-5.73
5.127984,1,,,
5.150390,0,116.239,21.125,-0.58
5.152784,1,,,
5.175184,0,116.763,21.141,1.81
5.177584,1,,,
5.199925,0,117.286,21.156,-0.61
5.202309,1,,,
5.224684,0,117.810,21.130,-1.43
5.227084,1,,,
5.249484,0,118.333,21.135,1.82
5.251895,1,,,
5.274232,0,118.857,21.113,-3.58
5.276684,1,,,
5.299084,0,119.381,21.080,0.90
5.301484,1,,,
5.323909,0,119.904,21.070,-1.67
5.326284,1,,,
5.348784,0,120.428,20.980,-5.62
5.351184,1,,,
5.373825,0,120.951,20.902,-0.60
5.376284,1,,,
5.398884,0,121.475,20.919,1.92
5.401306,1,,,
5.423886,0,121.999,20.861,-6.50
5.426284,1,,,
5.449084,0,122.522,20.778,-0.09
5.451484,1,,,
5.474284,0,123.046,20.801,1.90
5.476708,1,,,
5.499427,0,123.569,20.817,-0.67
5.501884,1,,,
5.524590,0,124.093,20.779,-2.29
5.527084,1,,,
5.549824,0,124.617,20.781,2.40
5.552287,1,,,
5.574984,0,125.140,20.783,-2.24
5.577428,1,,,
5.600212,0,125.664,20.737,-1.41
5.602684,1,,,
5.625484,0,126.187,20.707,-0.92
5.627922,1,,,
5.650784,0,126.711,20.640,-4.36
5.653184,1,,,
5.676220,0,127.235,20.574,-0.89
5.678684,1,,,
5.701684,0,127.758,20.577,1.16
5.704184,1,,,
5.727111,0,128.282,20.526,-5.21
5.729584,1,,,
5.752704,0,128.805,20.451,-0.64
5.755183,1,,,
5.778317,0,129.329,20.444,0.14
5.780826,1,,,
5.803926,0,129.852,20.467,1.60
5.806384,1,,,
5.829484,0,130.376,20.430,-4.43
5.831987,1,,,
5.855184,0,130.900,20.438,5.03
5.857684,1,,,
5.880722,0,131.423,20.453,-3.91
5.883212,1,,,
5.906386,0,131.947,20.389,-1.08
5.908884,1,,,
5.932084,0,132.470,20.374,-0.04
5.934584,1,,,
5.957784,0,132.994,20.294,-6.18
5.960218,1,,,
5.983686,0,133.518,20.216,0.13
5.986184,1,,,
6.009584,0,134.041,20.217,-0.05
6.012105,1,,,
6.035484,0,134.565,20.169,-3.70
6.037926,1,,,
6.061507,0,135.088,20.100,-1.59
6.063984,1,,,
6.087584,0,135.612,20.106,2.06
6.090106,1,,,
6.113591,0,136.136,20.136,0.25
6.116094,1,,,
6.139590,0,136.659,20.103,-2.82
6.142184,1,,,
6.165684,0,137.183,20.086,1.57
6.168228,1,,,
6.191724,0,137.706,20.081,-1.95
6.194284,1,,,
6.217831,0,138.230,20.038,-1.35
6.220384,1,,,
6.243984,0,138.754,20.026,0.39
6.246516,1,,,
6.270124,0,139.277,19.945,-6.54
6.272684,1,,,
6.296489,0,139.801,19.871,0.92
6.299027,1,,,
6.322823,0,140.324,19.873,-0.79
6.325401,1,,,
6.349184,0,140.848,19.811,-3.92
6.351684,1,,,
6.375684,0,141.372,19.759,-0.01
6.378184,1,,,
6.402184,0,141.895,19.758,0.00
6.404784,1,,,
6.428684,0,142.419,19.780,1.63
6.431206,1,,,
6.455126,0,142.942,19.757,-3.35
6.457718,1,,,
6.481688,0,143.466,19.727,1.12
6.484288,1,,,
6.508209,0,143.990,19.723,-1.48
6.510786,1,,,
6.534784,0,144.513,19.694,-0.72
6.537384,1,,,
6.561384,0,145.037,19.676,-0.62
6.563984,1,,,
6.588007,0,145.560,19.575,-6.97
6.590584,1,,,
6.614884,0,146.084,19.509,2.12
6.617430,1,,,
6.641684,0,146.608,19.534,-0.25
6.644297,1,,,
6.668492,0,147.131,19.465,-4.93
6.671084,1,,,
6.695484,0,147.655,19.395,-0.23
6.698084,1,,,
6.722484,0,148.178,19.392,0.01
6.725129,1,,,
6.749484,0,148.702,19.393,0.00
6.752084,1,,,
6.776484,0,149.226,19.389,-0.30
6.779085,1,,,
6.803495,0,149.749,19.392,0.57
6.806185,1,,,
6.830485,0,150.273,19.360,-2.94
6.833111,1,,,
6.857586,0,150.796,19.320,0.00
6.860186,1,,,
6.884686,0,151.320,19.321,0.02
6.887286,1,,,
6.911786,0,151.844,19.246,-5.55
6.914386,1,,,
6.939100,0,152.367,19.168,-0.16
6.941786,1,,,
6.966420,0,152.891,19.150,-1.15
6.969093,1,,,
6.993785,0,153.414,19.109,-1.85
6.996386,1,,,
7.021222,0,153.938,19.066,-1.29
7.023830,1,,,
7.048711,0,154.462,19.050,0.18
7.051406,1,,,
7.076193,0,154.985,19.047,-0.38
7.078888,1,,,
7.103690,0,155.509,19.028,-1.03
7.106390,1,,,
7.131227,0,156.032,19.000,-1.00
7.133929,1,,,
7.158805,0,156.556,18.973,-0.96
7.161490,1,,,
7.186421,0,157.080,18.936,-1.72
7.189110,1,,,
7.214106,0,157.603,18.913,0.02
7.216807,1,,,
7.241791,0,158.127,18.830,-5.98
7.244492,1,,,
7.269722,0,158.650,18.757,0.77
7.272414,1,,,
7.297620,0,159.174,18.770,0.17
7.300390,1,,,
7.325511,0,159.698,18.709,-4.57
7.328194,1,,,
7.353594,0,160.221,18.639,-0.43
7.356294,1,,,
7.381694,0,160.745,18.652,1.34
7.384412,1,,,
7.409738,0,161.268,18.667,-0.28
7.412440,1,,,
7.437794,0,161.792,18.639,-1.72
7.440539,1,,,
7.465923,0,162.316,18.620,0.43
7.468695,1,,,
7.494034,0,162.839,18.609,-1.22
7.496796,1,,,
7.522196,0,163.363,18.579,-0.90
7.524922,1,,,
7.550397,0,163.886,18.566,-0.04
7.553140,1,,,
7.578599,0,164.410,18.470,-6.80
7.581312,1,,,
7.607098,0,164.934,18.401,1.95
7.609809,1,,,
7.635510,0,165.457,18.404,-1.71
7.638298,1,,,
7.663998,0,165.981,18.343,-2.58
7.666698,1,,,
7.692601,0,166.504,18.275,-2.16
7.695320,1,,,
7.721300,0,167.028,18.276,2.21
7.724100,1,,,
7.749900,0,167.552,18.296,-0.79
7.752699,1,,,
7.778535,0,168.075,18.244,-2.89
7.781346,1,,,
7.807301,0,168.599,18.255,3.64
7.810101,1,,,
7.835902,0,169.122,18.244,-4.36
7.838701,1,,,
7.864701,0,169.646,18.200,1.27
7.867502,1,,,
7.893442,0,170.170,18.199,-1.35
7.896300,1,,,
7.922244,0,170.693,18.099,-5.54
7.925007,1,,,
7.951302,0,171.217,18.024,0.32
7.954102,1,,,
7.980346,0,171.740,18.024,-0.32
7.983203,1,,,
8.009404,0,172.264,17.971,-3.29
8.012147,1,,,
8.038618,0,172.788,17.919,-0.29
8.041404,1,,,
8.067845,0,173.311,17.905,-0.67
8.070712,1,,,
8.097104,0,173.835,17.913,1.22
8.099904,1,,,
8.126305,0,174.358,17.870,-4.15
8.129205,1,,,
8.155705,0,174.882,17.840,2.05
8.158549,1,,,
8.185006,0,175.406,17.839,-2.07
8.187835,1,,,
8.214406,0,175.929,17.808,-0.07
8.217252,1,,,
8.243810,0,176.453,17.779,-1.89
8.246707,1,,,
8.273306,0,176.976,17.687,-4.38
8.276123,1,,,
8.303019,0,177.500,17.624,0.14
8.305907,1,,,
8.332725,0,178.024,17.626,-0.02
8.335628,1,,,
8.362431,0,178.547,17.569,-3.80
8.365306,1,,,
8.392330,0,179.071,17.510,-0.17
8.395207,1,,,
8.422237,0,179.594,17.506,-0.09
8.425208,1,,,
8.452149,0,180.118,17.516,0.75
8.455023,1,,,
8.482022,0,180.642,17.491,-2.39
8.484950,1,,,
8.512018,0,181.165,17.475,1.28
8.514951,1,,,
8.541949,0,181.689,17.456,-2.51
8.544908,1,,,
8.572009,0,182.212,17.426,0.49
8.574910,1,,,
8.602043,0,182.736,17.424,-0.63
8.605010,1,,,
8.632110,0,183.260,17.319,-6.32
8.635011,1,,,
8.662511,0,183.783,17.252,1.87
8.665411,1,,,
8.692812,0,184.307,17.270,-0.63
8.695811,1,,,
8.723146,0,184.830,17.196,-4.27
8.726038,1,,,
8.753711,0,185.354,17.139,0.56
8.756611,1,,,
8.784246,0,185.878,17.139,-0.59
8.787240,1,,,
8.814812,0,186.401,17.138,0.56
8.817729,1,,,
8.845348,0,186.925,17.111,-2.35
8.848346,1,,,
8.876013,0,187.448,17.109,2.22
8.879014,1,,,
8.906556,0,187.972,17.110,-2.16
8.909537,1,,,
8.937218,0,188.496,17.055,-1.40
8.940213,1,,,
8.967957,0,189.019,17.028,-0.33
8.971010,1,,,
8.998714,0,189.543,16.957,-4.31
9.001630,1,,,
9.029714,0,190.066,16.889,-0.08
9.032714,1,,,
9.060719,0,190.590,16.881,-0.42
9.063757,1,,,
9.091748,0,191.114,16.811,-4.13
9.094715,1,,,
9.123015,0,191.637,16.764,1.14
9.125932,1,,,
9.154216,0,192.161,16.774,-0.50
9.157316,1,,,
9.185446,0,192.684,16.771,0.32
9.188443,1,,,
9.216657,0,193.208,16.736,-2.56
9.219718,1,,,
9.248018,0,193.732,16.732,2.28
9.251043,1,,,
9.279245,0,194.255,16.728,-2.51
9.282318,1,,,
9.310619,0,194.779,16.682,-0.45
9.313654,1,,,
9.342020,0,195.302,16.663,-0.72
9.345120,1,,,
9.373463,0,195.826,16.569,-5.28
9.376521,1,,,
9.405225,0,196.350,16.499,0.85
9.408265,1,,,
9.436934,0,196.873,16.506,-0.41
9.440031,1,,,
9.468669,0,197.397,16.441,-3.66
9.471722,1,,,
9.500629,0,197.920,16.375,-0.53
9.503656,1,,,
9.532622,0,198.444,16.380,0.85
9.535733,1,,,
9.564562,0,198.968,16.388,-0.32
9.567634,1,,,
9.596522,0,199.491,16.347,-2.23
9.599650,1,,,
9.628622,0,200.015,16.352,2.51
9.631722,1,,,
9.660564,0,200.538,16.337,-3.44
9.663722,1,,,
9.692722,0,201.062,16.289,0.42
9.695823,1,,,
9.724854,0,201.586,16.277,-1.12
9.728024,1,,,
9.757058,0,202.109,16.187,-4.47
9.760146,1,,,
9.789550,0,202.633,16.116,0.07
9.792725,1,,,
9.822037,0,203.156,16.116,-0.06
9.825226,1,,,
9.854528,0,203.680,16.059,-3.43
9.857626,1,,,
9.887246,0,204.204,15.988,-0.92
9.890349,1,,,
9.920026,0,204.727,15.990,1.03
9.923226,1,,,
9.952738,0,205.251,16.005,-0.08
9.955927,1,,,
9.985454,0,205.774,15.966,-2.32
9.988664,1,,,
10.018327,0,206.298,15.962,2.04
10.021527,1,,,
10.051062,0,206.822,15.958,-2.29
10.054255,1,,,
10.083952,0,207.345,15.899,-1.27
10.087151,1,,,
10.116928,0,207.869,15.894,0.98
10.120129,1,,,
10.149837,0,208.392,15.820,-5.53
10.153029,1,,,
10.183129,0,208.916,15.726,-0.11
10.186329,1,,,
10.216429,0,209.440,15.737,0.80
10.219646,1,,,
10.249673,0,209.963,15.677,-4.40
10.252847,1,,,
10.283230,0,210.487,15.617,0.79
10.286371,1,,,
10.316730,0,211.010,15.620,-0.61
10.320030,1,,,
10.350274,0,211.534,15.606,-0.19
10.353530,1,,,
10.383831,0,212.058,15.588,-0.91
10.387131,1,,,
10.417454,0,212.581,15.583,0.64
10.420741,1,,,
10.451031,0,213.105,15.564,-1.80
10.454331,1,,,
10.484739,0,213.628,15.513,-1.23
10.488032,1,,,
10.518538,0,214.152,15.486,-0.34
10.521844,1,,,
10.552361,0,214.675,15.402,-4.66
10.555633,1,,,
10.586534,0,215.199,15.316,-0.36
10.589834,1,,,
10.620734,0,215.723,15.325,0.90
10.624034,1,,,
10.654865,0,216.246,15.278,-3.65
10.658134,1,,,
10.689277,0,216.770,15.206,-0.58
10.692538,1,,,
10.723734,0,217.293,15.208,0.72
10.727135,1,,,
10.758136,0,217.817,15.214,-0.34
10.761445,1,,,
10.792564,0,218.341,15.177,-1.84
10.795940,1,,,
10.827136,0,218.864,15.174,1.65
10.830466,1,,,
10.861578,0,219.388,15.155,-2.75
10.864941,1,,,
10.896238,0,219.911,15.098,-0.51
10.899574,1,,,
10.930938,0,220.435,15.088,-0.06
10.934338,1,,,
10.965642,0,220.959,15.004,-4.82
10.968982,1,,,
11.000738,0,221.482,14.933,0.78
11.004139,1,,,
11.035770,0,222.006,14.937,-0.54
11.039240,1,,,
11.070847,0,222.529,14.875,-2.99
11.074238,1,,,
11.106173,0,223.053,14.813,-0.49
11.109539,1,,,
11.141540,0,223.577,14.798,-0.39
11.145040,1,,,
11.176940,0,224.100,14.803,0.71
11.180340,1,,,
11.212280,0,224.624,14.788,-1.57
11.215747,1,,,
11.247753,0,225.147,14.757,-0.19
11.251241,1,,,
11.283242,0,225.671,14.746,-0.43
11.286658,1,,,
11.318767,0,226.195,14.708,-1.73
11.322242,1,,,
11.354442,0,226.718,14.683,0.30
11.357942,1,,,
11.390090,0,227.242,14.605,-4.64
11.393542,1,,,
11.426146,0,227.765,14.528,0.32
11.429643,1,,,
11.462173,0,228.289,14.525,-0.48
11.465742,1,,,
11.498243,0,228.813,14.467,-2.71
11.501671,1,,,
11.534559,0,229.336,14.404,-0.75
11.538044,1,,,
11.570944,0,229.860,14.387,-0.17
11.574483,1,,,
11.607345,0,230.383,14.400,0.85
11.610845,1,,,
11.643667,0,230.907,14.380,-1.96
11.647245,1,,,
11.680170,0,231.431,14.349,0.30
11.683746,1,,,
11.716646,0,231.954,14.344,-0.59
11.720147,1,,,
11.753175,0,232.478,14.305,-1.58
11.756746,1,,,
11.789853,0,233.001,14.267,-0.49
11.793446,1,,,
11.826577,0,233.525,14.183,-4.05
11.830146,1,,,
11.863690,0,234.049,14.111,0.15
11.867266,1,,,
11.900790,0,234.572,14.102,-0.60
11.904447,1,,,
11.937947,0,235.096,14.046,-2.46
11.941458,1,,,
11.975348,0,235.619,13.999,-0.06
11.978878,1,,,
12.012754,0,236.143,13.992,-0.27
12.016448,1,,,
12.050188,0,236.667,13.982,-0.26
12.053786,1,,,
12.087648,0,237.190,13.965,-0.68
12.091282,1,,,
12.125176,0,237.714,13.944,-0.44
12.128849,1,,,
12.162749,0,238.237,13.926,-0.54
12.166355,1,,,
12.200376,0,238.761,13.886,-1.55
12.204050,1,,,
12.238162,0,239.285,13.851,-0.33
12.241852,1,,,
12.275981,0,239.808,13.764,-4.29
12.279651,1,,,
12.314251,0,240.332,13.704,1.16
12.317870,1,,,
12.352398,0,240.855,13.707,-0.99
12.356151,1,,,
12.390651,0,241.379,13.641,-2.47
12.394291,1,,,
12.429170,0,241.903,13.582,-0.57
12.432852,1,,,
12.467752,0,242.426,13.568,-0.17
12.471553,1,,,
12.506353,0,242.950,13.565,0.01
12.510054,1,,,
12.544953,0,243.473,13.545,-1.00
12.548693,1,,,
12.583663,0,243.997,13.530,0.18
12.587458,1,,,
12.622354,0,244.521,13.511,-1.13
12.626097,1,,,
12.661170,0,245.044,13.460,-1.51
12.664954,1,,,
12.700155,0,245.568,13.428,-0.12
12.703954,1,,,
12.739154,0,246.091,13.358,-3.49
12.742858,1,,,
12.778555,0,246.615,13.289,0.01
12.782355,1,,,
12.817955,0,247.139,13.273,-0.84
12.821786,1,,,
12.857454,0,247.662,13.221,-1.77
12.861166,1,,,
12.897162,0,248.186,13.170,-0.81
12.900957,1,,,
12.936967,0,248.709,13.150,-0.21
12.940869,1,,,
12.976798,0,249.233,13.141,-0.25
12.980658,1,,,
13.016658,0,249.757,13.113,-1.14
13.020558,1,,,
13.056658,0,250.280,13.106,0.82
13.060558,1,,,
13.096558,0,250.804,13.090,-1.64
13.100458,1,,,
13.136658,0,251.327,13.041,-0.82
13.140558,1,,,
13.176859,0,251.851,13.008,-0.80
13.180775,1,,,
13.217160,0,252.375,12.929,-3.15
13.220989,1,,,
13.257860,0,252.898,12.862,-0.12
13.261769,1,,,
13.298576,0,253.422,,
13.302563,1,,,
13.339363,0,,,
